,Population,Random Sample,Systematic Sample,Stratified Sample
Literacy Rate,62.4631997676452,62.429604184027596,62.43240548024735,63.10102471630024
Sex Ratio,945.443730661638,947.3342528652007,937.9226885323717,925.552171890635
Workers,752951.35625,714408.45,800827.38,792078.1702127659
